<?xml version="1.0" encoding="UTF-8" standalone="no"?>
<Trabajadores>
    <Cuentas>
        <Fila>80</Fila>
        <TipoError>CCC</TipoError>
        <Nombre>Pilar</Nombre>
        <PrimerApellido>Molina</PrimerApellido>
        <SegundoApellido>Vara</SegundoApellido>
        <Categoria>Analista</Categoria>
        <Empresa>TecnoProyectSL</Empresa>
    </Cuentas>
    <Cuentas>
        <Fila>82</Fila>
        <TipoError>CCC</TipoError>
        <Nombre>Miguel Ángel</Nombre>
        <PrimerApellido>Morala</PrimerApellido>
        <SegundoApellido>Bernal</SegundoApellido>
        <Categoria>Cocinero</Categoria>
        <Empresa>TecnoProyectSL</Empresa>
    </Cuentas>
    <Cuentas>
        <Fila>85</Fila>
        <TipoError>CCC</TipoError>
        <Nombre>Paulina</Nombre>
        <PrimerApellido>Orejas</PrimerApellido>
        <SegundoApellido>Díez</SegundoApellido>
        <Categoria>Auxiliar</Categoria>
        <Empresa>PBlankSA</Empresa>
    </Cuentas>
    <Cuentas>
        <Fila>101</Fila>
        <TipoError>CCC</TipoError>
        <Nombre>Encarnación</Nombre>
        <PrimerApellido>Sánchez</PrimerApellido>
        <SegundoApellido>Herrero</SegundoApellido>
        <Categoria>Administrativo</Categoria>
        <Empresa>Asoftware</Empresa>
    </Cuentas>
    <Cuentas>
        <Fila>103</Fila>
        <TipoError>CCC</TipoError>
        <Nombre>Herminia</Nombre>
        <PrimerApellido>Santín</PrimerApellido>
        <SegundoApellido>Fernández</SegundoApellido>
        <Categoria>Ordenanza</Categoria>
        <Empresa>TecnoLeonSL</Empresa>
    </Cuentas>
    <Cuentas>
        <Fila>104</Fila>
        <TipoError>CCC</TipoError>
        <Nombre>Sonia</Nombre>
        <PrimerApellido>Sevillano</PrimerApellido>
        <SegundoApellido>Gomez</SegundoApellido>
        <Categoria>Jefe división</Categoria>
        <Empresa>APhonSA</Empresa>
    </Cuentas>
    <Cuentas>
        <Fila>105</Fila>
        <TipoError>CCC</TipoError>
        <Nombre>Generoso</Nombre>
        <PrimerApellido>Soto</PrimerApellido>
        <SegundoApellido>Sánchez</SegundoApellido>
        <Categoria>Jefe de sección</Categoria>
        <Empresa>TecnoLeonSL</Empresa>
    </Cuentas>
</Trabajadores>
