<?xml version='1.0' encoding='utf-8'?>
<!DOCTYPE hibernate-configuration PUBLIC
        "-//Hibernate/Hibernate Configuration DTD//EN"
        "http://www.hibernate.org/dtd/hibernate-configuration-3.0.dtd">
<hibernate-configuration>
    <session-factory>
        <property name="connection.username">root</property>
        <property name="connection.password">pass</property>
        <property name="connection.url">jdbc:mariadb://localhost:3306/nominas</property>
        <property name="connection.driver_class">org.mariadb.jdbc.Driver</property>
        <mapping class="modelo.Categorias"/>
        <mapping class="modelo.Empresas"/>
        <mapping class="modelo.Nomina"/>
        <mapping class="modelo.Trabajadorbbdd"/>

        <!-- DB schema will be updated if needed -->
        <!-- <property name="hbm2ddl.auto">update</property> -->
    </session-factory>
</hibernate-configuration>