<?xml version="1.0"?>
<!DOCTYPE hibernate-mapping PUBLIC "-//Hibernate/Hibernate Mapping DTD 3.0//EN"
"http://www.hibernate.org/dtd/hibernate-mapping-3.0.dtd">
<!-- Generated 05-abr-2020 15:22:35 by Hibernate Tools 4.3.1 -->
<hibernate-mapping>
    <class name="sis2.pkg2020.modelo.Categorias" table="categorias" catalog="importarddbb" optimistic-lock="version">
        <id name="idCategoria" type="int">
            <column name="IdCategoria" />
            <generator class="assigned" />
        </id>
        <property name="nombreCategoria" type="string">
            <column name="NombreCategoria" length="75" not-null="true" />
        </property>
        <property name="salarioBaseCategoria" type="double">
            <column name="SalarioBaseCategoria" precision="22" scale="0" not-null="true" />
        </property>
        <property name="complementoCategoria" type="double">
            <column name="ComplementoCategoria" precision="22" scale="0" not-null="true" />
        </property>
        <set name="trabajadorbbdds" table="trabajadorbbdd" inverse="true" lazy="true" fetch="select">
            <key>
                <column name="IdCategoria" not-null="true" />
            </key>
            <one-to-many class="sis2.pkg2020.modelo.Trabajadorbbdd" />
        </set>
    </class>
</hibernate-mapping>
